nodes,587.0997334985137
uav,421.13981297899517
energy,374.7445107437322
clustering,301.3032808305006
cluster,287.60767715638696
sensor,232.8252624599323
node,227.96957736910375
consumption,222.55355970434704
ch,221.72383552337487
sink,202.01015419317656
network,193.61799721759496
data,191.540678147569
chs,184.89064960053446
algorithm,179.753559492334
approach,167.966440837099
heed,164.34724408936398
viseme,157.49944225230715
proposed,156.17932218186397
rheed,150.6516404152503
number,144.39220352662895
single,143.80383857819348
mobile,140.37993765966507
clusters,137.40632060603514
based,135.5518645352027
hmm,126.6843339855514
uncovered,126.6843339855514
value,124.91483691457739
altitude,123.26043306702299
power,123.26043306702299
speech,119.83653214849457
rssi,119.83653214849457
area,112.98873031143773
head,109.30048230025523
path,106.17761137739079
e,103.05474045452635
networks,103.05474045452635
exheed,102.71702755585248
satellite,102.71702755585248
link,96.80899860879748
phase,95.86922571879565
flow,95.86922571879565
models,93.68612768593304
values,93.68612768593304
levels,92.44532480026723
due,90.56325676306861
problem,87.44038584020417
wireless,85.59752296321041
connectivity,85.59752296321041
distance,85.59752296321041
figure,85.45661025045386
